filename,identity_id,year,age,age_group,gender
face_images/img-id1144-object-1.png,Adult,4,4,Infant,Male
face_images/img-id953-object-1.png,Akouba,5,5,Infant,Female
face_images/img-id1282-object-1.png,Akrouba,5,5,Infant,Female
face_images/img-id959-object-1.png,Akrouba,5,5,Infant,Female
face_images/img-id952-object-1.png,Akrouba,5,5,Infant,Female
face_images/img-id1288-object-1.png,Akrouba,5,5,Infant,Female
face_images/img-id1264-object-1.png,Akrouba,5,5,Infant,Female
face_images/img-id1268-object-1.png,Akrouba,5,5,Infant,Female
face_images/img-id979-object-1.png,Akrouba,5,5,Infant,Female
face_images/img-id1063-object-1.png,Akrouba,5,5,Infant,Female
face_images/img-id1657-object-1.png,Akrouba,5,5,Infant,Female
face_images/img-id960-object-1.png,Akrouba,5,5,Infant,Female
face_images/img-id1283-object-1.png,Akrouba,5,5,Infant,Female
face_images/img-id1202-object-1.png,Akwaba,0,0,Infant,Male
face_images/img-id1063-object-2.png,Akwaba,0,0,Infant,Male
face_images/img-id1655-object-2.png,Akwaba,0,0,Infant,Male
face_images/img-id1676-object-1.png,Akwaba,0,0,Infant,Male
face_images/img-id785-object-2.png,Akwaba,0,0,Infant,Male
face_images/img-id1162-object-2.png,Akwaba,0,0,Infant,Male
face_images/img-id1201-object-2.png,Akwaba,0,0,Infant,Male
face_images/img-id1671-object-1.png,Akwaba,0,0,Infant,Male
face_images/img-id954-object-2.png,Akwaba,0,0,Infant,Male
face_images/img-id2497-object-1.png,Alina,3,3,Infant,Female
face_images/img-id1645-object-1.png,Athena,10,10,Juvenile,Female
face_images/img-id1641-object-1.png,Athena,10,10,Juvenile,Female
face_images/img-id823-object-1.png,Athena,10,10,Juvenile,Female
face_images/img-id1465-object-1.png,Athena,10,10,Juvenile,Female
face_images/img-id828-object-2.png,Athena,10,10,Juvenile,Female
face_images/img-id1451-object-1.png,Athena,10,10,Juvenile,Female
face_images/img-id3036-object-1.png,Atra,17,17,Adult,Female
face_images/img-id2496-object-1.png,Atra,17,17,Adult,Female
face_images/img-id3432-object-1.png,Atra,17,17,Adult,Female
face_images/img-id3437-object-1.png,Atra,17,17,Adult,Female
face_images/img-id1781-object-2.png,Baloo,0,0,Infant,Female
face_images/img-id2518-object-1.png,Besar,9,9,Juvenile,Male
face_images/img-id2656-object-1.png,Besar,9,9,Juvenile,Male
face_images/img-id909-object-1.png,Caramel,7,7,Juvenile,Male
face_images/img-id652-object-1.png,Caramel,8,8,Juvenile,Male
face_images/img-id1148-object-1.png,Caramel,7,7,Juvenile,Unknown
face_images/img-id2058-object-1.png,Caramel,8,8,Juvenile,Male
face_images/img-id359-object-1.png,Caramel,8,8,Juvenile,Male
face_images/img-id656-object-1.png,Caramel,8,8,Juvenile,Male
face_images/img-id908-object-1.png,Caramel,7,7,Juvenile,Male
face_images/img-id2046-object-1.png,Caramel,8,8,Juvenile,Male
face_images/img-id369-object-1.png,Caramel,8,8,Juvenile,Male
face_images/img-id2489-object-1.png,Celine,3,3,Infant,Female
face_images/img-id3885-object-1.png,Coco,18,18,Adult,Female
face_images/img-id2352-object-1.png,Coco,18,18,Adult,Female
face_images/img-id1628-object-1.png,Danane,1,1,Infant,Female
face_images/img-id1627-object-1.png,Diva,12,12,SubAdult,Female
face_images/img-id2811-object-1.png,Duna,24,24,Adult,Female
face_images/img-id2370-object-2.png,Duna,24,24,Adult,Female
face_images/img-id2815-object-2.png,Duna,24,24,Adult,Female
face_images/img-id2818-object-1.png,Duna,24,24,Adult,Female
face_images/img-id2261-object-1.png,Duna,24,24,Adult,Female
face_images/img-id2593-object-1.png,Duna,24,24,Adult,Female
face_images/img-id2760-object-1.png,Duna,24,24,Adult,Female
face_images/img-id2762-object-1.png,Duna,24,24,Adult,Female
face_images/img-id2271-object-1.png,Duna,24,24,Adult,Female
face_images/img-id2328-object-2.png,Endora,2,2,Infant,Female
face_images/img-id2478-object-1.png,Eva,21,21,Adult,Female
face_images/img-id2748-object-1.png,Eva,21,21,Adult,Female
face_images/img-id75-object-1.png,Fatima,12,12,SubAdult,Female
face_images/img-id3380-object-1.png,Gogol,7,7,Juvenile,Male
face_images/img-id3410-object-1.png,Gogol,7,7,Juvenile,Male
face_images/img-id2543-object-1.png,Haraka,23,23,Adult,Female
face_images/img-id2613-object-1.png,Haraka,23,23,Adult,Female
face_images/img-id2962-object-2.png,Haraka,23,23,Adult,Female
face_images/img-id2941-object-2.png,Haraka,23,23,Adult,Female
face_images/img-id2909-object-1.png,Haraka,23,23,Adult,Female
face_images/img-id3703-object-1.png,Haraka,23,23,Adult,Female
face_images/img-id2962-object-1.png,Huxel,1,1,Infant,Male
face_images/img-id2919-object-2.png,Huxel,1,1,Infant,Male
face_images/img-id2920-object-2.png,Huxel,1,1,Infant,Male
face_images/img-id2961-object-1.png,Huxel,1,1,Infant,Male
face_images/img-id466-object-2.png,Ibrahiim,10,10,Juvenile,Male
face_images/img-id387-object-1.png,Ibrahim,10,10,Juvenile,Male
face_images/img-id2153-object-1.png,Ibrahim,10,10,Juvenile,Male
face_images/img-id2317-object-1.png,Inousha,3,3,Infant,Male
face_images/img-id3005-object-2.png,Inousha,3,3,Infant,Male
face_images/img-id1939-object-1.png,Jacobo,12,12,SubAdult,Male
face_images/img-id574-object-1.png,Jacobo,12,12,SubAdult,Male
face_images/img-id575-object-1.png,Jacobo,12,12,SubAdult,Male
face_images/img-id1938-object-1.png,Jacobo,12,12,SubAdult,Male
face_images/img-id436-object-1.png,Java,7,7,Juvenile,Female
face_images/img-id2713-object-1.png,Kabisha,21,21,Adult,Female
face_images/img-id3361-object-1.png,Kabisha,21,21,Adult,Female
face_images/img-id3850-object-1.png,Kaos,21,21,Adult,Male
face_images/img-id3856-object-1.png,Kaos,21,21,Adult,Male
face_images/img-id2490-object-1.png,Kaos,21,21,Adult,Male
face_images/img-id3834-object-1.png,Kaos,21,21,Adult,Male
face_images/img-id2605-object-1.png,Kaos,21,21,Adult,Male
face_images/img-id3823-object-2.png,Kaos,21,21,Adult,Male
face_images/img-id3618-object-1.png,Kinshasa,8,8,Juvenile,Female
face_images/img-id1455-object-1.png,Kinshasa,19,19,Adult,Female
face_images/img-id2009-object-1.png,Kinshasa,20,20,Adult,Female
face_images/img-id1979-object-1.png,Kinshasa,20,20,Adult,Female
face_images/img-id2036-object-1.png,Kinshasa,20,20,Adult,Female
face_images/img-id2169-object-1.png,Kinshasa,20,20,Adult,Female
face_images/img-id1454-object-1.png,Kinshasa,19,19,Adult,Female
face_images/img-id597-object-1.png,Kinshasa,20,20,Adult,Female
face_images/img-id2035-object-1.png,Kinshasa,20,20,Adult,Female
face_images/img-id2030-object-1.png,Kinshasa,20,20,Adult,Female
face_images/img-id2094-object-2.png,Kinshasa,20,20,Adult,Female
face_images/img-id2001-object-1.png,Kinshasa,20,20,Adult,Female
face_images/img-id1997-object-1.png,Kinshasa,20,20,Adult,Female
face_images/img-id1443-object-1.png,Kinshasa,19,19,Adult,Female
face_images/img-id1120-object-1.png,Kinshasa,19,19,Adult,Female
face_images/img-id507-object-1.png,Kinshasa,20,20,Adult,Female
face_images/img-id2033-object-1.png,Kinshasa,20,20,Adult,Female
face_images/img-id1414-object-1.png,Kiriku,4,4,Infant,Male
face_images/img-id515-object-1.png,Kiriku,5,5,Infant,Male
face_images/img-id1509-object-1.png,Kiriku,4,4,Infant,Male
face_images/img-id1455-object-2.png,Kiriku,4,4,Infant,Male
face_images/img-id1444-object-2.png,Kiriku,4,4,Infant,Male
face_images/img-id548-object-1.png,Kiriku,5,5,Infant,Male
face_images/img-id1405-object-1.png,Kiriku,4,4,Infant,Male
face_images/img-id2092-object-1.png,Kiriku,5,5,Infant,Male
face_images/img-id1409-object-1.png,Kiriku,4,4,Infant,Male
face_images/img-id1459-object-1.png,Kiriku,4,4,Infant,Male
face_images/img-id1501-object-1.png,Kiriku,4,4,Infant,Male
face_images/img-id509-object-1.png,Kiriku,5,5,Infant,Male
face_images/img-id792-object-1.png,Kiriku,4,4,Infant,Male
face_images/img-id484-object-1.png,Kiriku,5,5,Infant,Male
face_images/img-id516-object-1.png,Kiriku,5,5,Infant,Male
face_images/img-id2219-object-1.png,Kuba,13,13,Adult,Male
face_images/img-id2162-object-1.png,Kuba,13,13,Adult,Male
face_images/img-id3805-object-1.png,Kuba,2,2,Infant,Male
face_images/img-id628-object-1.png,Kuba,13,13,Adult,Male
face_images/img-id3807-object-1.png,Kuba,2,2,Infant,Male
face_images/img-id2717-object-1.png,Kuba,2,2,Infant,Male
face_images/img-id2221-object-1.png,Kuba,13,13,Adult,Male
face_images/img-id2191-object-1.png,Kuba,13,13,Adult,Male
face_images/img-id620-object-1.png,Kuba,13,13,Adult,Male
face_images/img-id1353-object-1.png,Liliou,2,2,Infant,Male
face_images/img-id1173-object-2.png,Lilou,2,2,Infant,Male
face_images/img-id737-object-3.png,Lilou,2,2,Infant,Male
face_images/img-id1350-object-2.png,Lilou,2,2,Infant,Male
face_images/img-id923-object-1.png,Lilou,2,2,Infant,Male
face_images/img-id1361-object-1.png,Lilou,2,2,Infant,Male
face_images/img-id1169-object-2.png,Lilou,2,2,Infant,Male
face_images/img-id932-object-2.png,Lilou,2,2,Infant,Male
face_images/img-id3848-object-1.png,Linus,5,5,Infant,Male
face_images/img-id2703-object-1.png,Linus,5,5,Infant,Male
face_images/img-id3468-object-2.png,Linus,5,5,Infant,Male
face_images/img-id3054-object-1.png,Louise,18,18,Adult,Female
face_images/img-id2370-object-1.png,Louise,18,18,Adult,Female
face_images/img-id2369-object-1.png,Louise,18,18,Adult,Female
face_images/img-id3055-object-1.png,Louise,18,18,Adult,Female
face_images/img-id3438-object-1.png,Margot,23,23,Adult,Female
face_images/img-id3509-object-1.png,Margot,23,23,Adult,Female
face_images/img-id3695-object-3.png,Max,3,3,Infant,Male
face_images/img-id492-object-2.png,Mbeli,12,12,SubAdult,Female
face_images/img-id3720-object-1.png,Mustapha,3,3,Infant,Male
face_images/img-id3706-object-1.png,Mustapha,3,3,Infant,Male
face_images/img-id3707-object-1.png,Mustapha,3,3,Infant,Male
face_images/img-id3740-object-1.png,Mustapha,3,3,Infant,Male
face_images/img-id2572-object-2.png,Olduvai,4,4,Infant,Male
face_images/img-id354-object-1.png,Oscar,5,5,Infant,Male
face_images/img-id377-object-1.png,Oscar,5,5,Infant,Male
face_images/img-id1136-object-1.png,Oscar,4,4,Infant,Male
face_images/img-id838-object-2.png,Oscar,4,4,Infant,Male
face_images/img-id642-object-1.png,Oscar,5,5,Infant,Male
face_images/img-id1294-object-1.png,Oscar,4,4,Infant,Male
face_images/img-id665-object-1.png,Ravel,7,7,Juvenile,Male
face_images/img-id2248-object-1.png,Romario,11,11,SubAdult,Male
face_images/img-id1393-object-1.png,Romario,10,10,Juvenile,Male
face_images/img-id3810-object-1.png,Sagu,9,9,Juvenile,Male
face_images/img-id1098-object-3.png,Sagu,20,20,Adult,Male
face_images/img-id754-object-1.png,Sagu,20,20,Adult,Male
face_images/img-id3670-object-1.png,Sagu,9,9,Juvenile,Male
face_images/img-id770-object-1.png,Sagu,20,20,Adult,Male
face_images/img-id709-object-1.png,Sagu,20,20,Adult,Male
face_images/img-id779-object-1.png,Sagu,20,20,Adult,Male
face_images/img-id1100-object-2.png,Sagu,20,20,Adult,Male
face_images/img-id3793-object-1.png,Sagu,9,9,Juvenile,Male
face_images/img-id1061-object-2.png,Sagu,20,20,Adult,Male
face_images/img-id3656-object-1.png,Sagu,9,9,Juvenile,Male
face_images/img-id3797-object-1.png,Sagu,9,9,Juvenile,Male
face_images/img-id1112-object-2.png,Sagu,20,20,Adult,Male
face_images/img-id1235-object-1.png,Sassandra,2,2,Infant,Female
face_images/img-id1111-object-4.png,Sassandra,2,2,Infant,Female
face_images/img-id1738-object-1.png,Sassandra,2,2,Infant,Female
face_images/img-id1809-object-1.png,Sassandra,2,2,Infant,Female
face_images/img-id1011-object-2.png,Sassandra,2,2,Infant,Female
face_images/img-id1155-object-1.png,Sassandra,2,2,Infant,Female
face_images/img-id1234-object-1.png,Sassandra,2,2,Infant,Female
face_images/img-id1766-object-1.png,Sassandra,2,2,Infant,Female
face_images/img-id1080-object-1.png,Sassandra,2,2,Infant,Female
face_images/img-id2053-object-1.png,Shogun,9,9,Juvenile,Male
face_images/img-id1002-object-1.png,Shogun,8,8,Juvenile,Male
face_images/img-id1153-object-2.png,Shogun,8,8,Juvenile,Male
face_images/img-id858-object-1.png,Shogun,8,8,Juvenile,Male
face_images/img-id941-object-2.png,Shogun,8,8,Juvenile,Female
face_images/img-id684-object-1.png,Shogun,9,9,Juvenile,Male
face_images/img-id994-object-1.png,Shogun,8,8,Juvenile,Male
face_images/img-id854-object-1.png,Shogun,8,8,Juvenile,Male
face_images/img-id993-object-1.png,Shogun,8,8,Juvenile,Male
face_images/img-id1241-object-1.png,Shogun,8,8,Juvenile,Male
face_images/img-id589-object-1.png,Shogun,9,9,Juvenile,Male
face_images/img-id916-object-2.png,Shogun,8,8,Juvenile,Male
face_images/img-id583-object-2.png,Shogun,9,9,Juvenile,Male
face_images/img-id877-object-1.png,Shogun,8,8,Juvenile,Male
face_images/img-id594-object-1.png,Shogun,9,9,Juvenile,Male
face_images/img-id685-object-1.png,Shogun,9,9,Juvenile,Male
face_images/img-id3682-object-1.png,Taboo,6,6,Juvenile,Male
face_images/img-id3722-object-1.png,Taboo,6,6,Juvenile,Male
face_images/img-id3755-object-1.png,Taboo,6,6,Juvenile,Male
face_images/img-id3778-object-1.png,Tita,23,23,Adult,Female
face_images/img-id3649-object-1.png,Tita,23,23,Adult,Female
face_images/img-id3759-object-1.png,Tita,23,23,Adult,Female
face_images/img-id3692-object-1.png,Totem,6,6,Juvenile,Male
face_images/img-id2815-object-1.png,Utan,4,4,Infant,Male
face_images/img-id2358-object-1.png,Utan,4,4,Infant,Male
face_images/img-id3838-object-1.png,Utan,4,4,Infant,Male
face_images/img-id1910-object-1.png,Utan,16,16,Adult,Male
face_images/img-id3284-object-1.png,Utan,4,4,Infant,Male
face_images/img-id3294-object-1.png,Utan,4,4,Infant,Male
face_images/img-id2817-object-1.png,Utan,4,4,Infant,Male
face_images/img-id2360-object-1.png,Utan,4,4,Infant,Male
face_images/img-id689-object-1.png,Utan,16,16,Adult,Male
face_images/img-id15-object-1.png,Victor,3,3,Infant,Male
face_images/img-id1537-object-1.png,Victor,3,3,Infant,Male
face_images/img-id270-object-1.png,Victor,3,3,Infant,Male
face_images/img-id1612-object-2.png,Victor,3,3,Infant,Male
face_images/img-id310-object-1.png,Victor,3,3,Infant,Male
face_images/img-id1624-object-1.png,Victor,3,3,Infant,Male
face_images/img-id1523-object-1.png,Victor,3,3,Infant,Male
face_images/img-id207-object-1.png,Victor,3,3,Infant,Male
face_images/img-id1519-object-2.png,Victor,3,3,Infant,Male
face_images/img-id344-object-1.png,Victor,3,3,Infant,Male
face_images/img-id171-object-1.png,Victor,3,3,Infant,Male
face_images/img-id21-object-1.png,Victor,3,3,Infant,Male
face_images/img-id1599-object-1.png,Victor,3,3,Infant,Male
face_images/img-id38-object-1.png,Victor,3,3,Infant,Male
face_images/img-id44-object-2.png,Victor,3,3,Infant,Male
face_images/img-id91-object-1.png,Victor,3,3,Infant,Male
face_images/img-id140-object-1.png,Victor,3,3,Infant,Male
face_images/img-id345-object-1.png,Victor,3,3,Infant,Male
face_images/img-id241-object-1.png,Victor,3,3,Infant,Male
face_images/img-id331-object-1.png,Victor,3,3,Infant,Male
face_images/img-id194-object-1.png,Victor,3,3,Infant,Male
face_images/img-id31-object-1.png,Victor,3,3,Infant,Male
face_images/img-id2351-object-1.png,Voodoo,4,4,Infant,Male
face_images/img-id730-object-2.png,Wala,4,4,Infant,Female
face_images/img-id1256-object-1.png,Wala,4,4,Infant,Female
face_images/img-id1151-object-1.png,Wala,4,4,Infant,Female
face_images/img-id1965-object-1.png,Wala,5,5,Infant,Female
face_images/img-id1839-object-3.png,Wala,4,4,Infant,Female
face_images/img-id2069-object-2.png,Wala,5,5,Infant,Female
face_images/img-id1856-object-1.png,Wala,4,4,Infant,Female
face_images/img-id2237-object-1.png,Wala,5,5,Infant,Female
face_images/img-id2236-object-1.png,Wala,5,5,Infant,Female
face_images/img-id527-object-1.png,Wala,5,5,Infant,Female
face_images/img-id814-object-1.png,Wala,4,4,Infant,Female
face_images/img-id2084-object-1.png,Wala,5,5,Infant,Female
face_images/img-id2667-object-1.png,Wendy,10,10,Juvenile,Female
face_images/img-id2179-object-1.png,Woodstiock,16,16,Adult,Male
face_images/img-id2141-object-1.png,Woodstock,16,16,Adult,Male
face_images/img-id518-object-1.png,Woodstock,16,16,Adult,Male
face_images/img-id1430-object-1.png,Woodstock,15,15,Adult,Male
face_images/img-id1419-object-1.png,Woodstock,15,15,Adult,Male
face_images/img-id586-object-1.png,Woodstock,16,16,Adult,Male
face_images/img-id2130-object-1.png,Woodstock,16,16,Adult,Male
face_images/img-id584-object-1.png,Woodstock,16,16,Adult,Male
face_images/img-id1381-object-2.png,Woodstock,15,15,Adult,Male
face_images/img-id3744-object-1.png,Yao,3,3,Infant,Male
face_images/img-id2592-object-1.png,Yoghiti,8,8,Juvenile,Male
face_images/img-id3760-object-1.png,Yoghiti,8,8,Juvenile,Male
face_images/img-id3032-object-1.png,Zita,2,2,Infant,Female
face_images/img-id3283-object-1.png,Zita,2,2,Infant,Female
face_images/img-id2988-object-1.png,Zita,2,2,Infant,Female
